location_id,country,city_or_region,difficulty,primary_clue_type,gt_lat,gt_lon,pred_lat,pred_lon,top1_score,top1_error_km,topk_best_rank,topk_best_error_km,inference_seconds,image
loc_009,Spain,Valencia,medium,architecture,39.4667928,-0.3661343,40.4203568,-3.7035079,0.0029043637,304.218,4,304.084,17.892,demo_and_extension/data/starting-images/europe-medium/loc_009.png
loc_010,Italy,Bologna,medium,architecture,44.4930672,11.3250143,45.3140411,9.5023689,0.0079414062,170.421,4,110.616,17.552,demo_and_extension/data/starting-images/europe-medium/loc_010.png
loc_011,Netherlands,Utrecht,medium,infrastructure,52.1124003,5.0797161,52.3025208,4.8604679,0.0499761775,25.926,2,24.822,16.658,demo_and_extension/data/starting-images/europe-medium/loc_011.png
loc_012,Belgium,"Merelbeke, Merelbeke-Melle",medium,mixed,50.9874591,3.7463905,50.8008194,2.4800620,0.0727342814,91.482,4,62.014,17.227,demo_and_extension/data/starting-images/europe-medium/loc_012.png
loc_013,Portugal,Coimbra,medium,infrastructure,40.2155817,-8.4337562,40.6046982,-8.6687269,0.0612468086,47.589,2,37.534,17.450,demo_and_extension/data/starting-images/europe-medium/loc_013.png
loc_014,Sweden,Uppsala,medium,architecture,59.8481151,17.6140674,57.6649933,12.1038761,0.0310378931,400.854,5,80.154,17.246,demo_and_extension/data/starting-images/europe-medium/loc_014.png
loc_015,Estonia,Tartu,medium,mixed,58.3478594,26.7197804,58.9636993,24.0392666,0.0535761118,170.033,4,131.848,17.386,demo_and_extension/data/starting-images/europe-medium/loc_015.png
loc_016,Slovakia,Banská Bystrica,medium,mixed,48.7583857,19.1412898,43.8030319,19.5182438,0.3710927963,551.585,4,402.194,17.483,demo_and_extension/data/starting-images/europe-medium/loc_016.png
loc_017,Ireland,"Boleybeg East, County Galway",medium,infrastructure,53.2819335,-9.1382768,54.2102470,-7.4883838,0.0483088084,150.072,3,26.536,17.456,demo_and_extension/data/starting-images/europe-medium/loc_017.png
