location_id,country,city_or_region,difficulty,primary_clue_type,gt_lat,gt_lon,pred_lat,pred_lon,raw_fused_top1_lat,raw_fused_top1_lon,raw_fused_top1_score,cluster_size,prediction_error_km,image
loc_009,Spain,Valencia,medium,architecture,39.4667928,-0.3661343,41.4450504,2.1692415,41.4929161,2.1452255,4.66826439,5,307.390,demo_and_extension/data/starting-images-no-gui-crop/no-location-gui/europe-medium/loc_009.png
loc_010,Italy,Bologna,medium,architecture,44.4930672,11.3250143,44.7028989,10.8333032,44.6390533,10.9294195,7.05859661,6,45.473,demo_and_extension/data/starting-images-no-gui-crop/no-location-gui/europe-medium/loc_010.png
loc_011,Netherlands,Utrecht,medium,infrastructure,52.1124003,5.0797161,52.0263920,4.9642342,52.0910721,5.1328135,6.75451088,10,12.421,demo_and_extension/data/starting-images-no-gui-crop/no-location-gui/europe-medium/loc_011.png
loc_012,Belgium,"Merelbeke, Merelbeke-Melle",medium,mixed,50.9874591,3.7463905,50.9362130,3.5765923,50.8096428,3.0800934,8.01801682,7,13.221,demo_and_extension/data/starting-images-no-gui-crop/no-location-gui/europe-medium/loc_012.png
loc_013,Portugal,Coimbra,medium,infrastructure,40.2155817,-8.4337562,38.8224683,-8.9928240,38.6609192,-9.0826321,5.44987392,8,161.969,demo_and_extension/data/starting-images-no-gui-crop/no-location-gui/europe-medium/loc_013.png
loc_014,Sweden,Uppsala,medium,architecture,59.8481151,17.6140674,48.9627365,8.2979113,49.3754692,7.3293853,5.18371868,3,1351.300,demo_and_extension/data/starting-images-no-gui-crop/no-location-gui/europe-medium/loc_014.png
loc_015,Estonia,Tartu,medium,mixed,58.3478594,26.7197804,55.8991438,24.7290084,55.9329758,24.3467388,6.39483595,7,298.132,demo_and_extension/data/starting-images-no-gui-crop/no-location-gui/europe-medium/loc_015.png
loc_016,Slovakia,Banská Bystrica,medium,mixed,48.7583857,19.1412898,45.9167742,14.9384166,45.5079803,15.5189829,5.86041069,5,447.863,demo_and_extension/data/starting-images-no-gui-crop/no-location-gui/europe-medium/loc_016.png
loc_017,Ireland,"Boleybeg East, County Galway",medium,infrastructure,53.2819335,-9.1382768,53.4509790,-8.0006766,53.9725456,-8.0630274,5.81917191,9,78.028,demo_and_extension/data/starting-images-no-gui-crop/no-location-gui/europe-medium/loc_017.png
