location_id,country,city_or_region,difficulty,primary_clue_type,gt_lat,gt_lon,pred_lat,pred_lon,reference_id,reference_split,retrieval_distance,top1_error_km,topk_mean_error_km,topk_weighted_error_km,topk_oracle_rank,topk_oracle_error_km,descriptor_seconds,search_seconds,inference_seconds,image
loc_009,Spain,Valencia,medium,architecture,39.4667928,-0.3661343,41.4112236,2.1788864,1121293668349496,train,1.60459495,305.333,720.497,722.178,5,304.391,3.272,75.375,78.647,demo_and_extension/data/starting-images/europe-medium/loc_009.png
loc_010,Italy,Bologna,medium,architecture,44.4930672,11.3250143,45.7062647,8.9133223,945488949603223,train,1.57638144,232.817,161.221,157.982,4,3.003,0.160,75.375,75.535,demo_and_extension/data/starting-images/europe-medium/loc_010.png
loc_011,Netherlands,Utrecht,medium,infrastructure,52.1124003,5.0797161,51.5888864,6.2399856,134838312598082,train,1.50202417,98.917,37.317,37.593,5,2.507,0.167,75.375,75.542,demo_and_extension/data/starting-images/europe-medium/loc_011.png
loc_012,Belgium,"Merelbeke, Merelbeke-Melle",medium,mixed,50.9874591,3.7463905,50.8642816,2.9047369,483304786115972,train,1.42465341,60.742,147.272,146.735,3,41.853,0.133,75.375,75.508,demo_and_extension/data/starting-images/europe-medium/loc_012.png
loc_013,Portugal,Coimbra,medium,infrastructure,40.2155817,-8.4337562,40.2155936,-8.4337989,470952513962141,train,1.21687520,0.004,1042.534,969.375,1,0.004,0.181,75.375,75.557,demo_and_extension/data/starting-images/europe-medium/loc_013.png
loc_014,Sweden,Uppsala,medium,architecture,59.8481151,17.6140674,56.0429146,14.5198779,521548335509944,train,1.47545815,461.607,663.467,665.077,1,461.607,0.153,75.375,75.528,demo_and_extension/data/starting-images/europe-medium/loc_014.png
loc_015,Estonia,Tartu,medium,mixed,58.3478594,26.7197804,50.8385755,13.8013920,215962636698654,train,1.48712492,1177.765,1024.997,1026.124,5,692.929,0.163,75.375,75.539,demo_and_extension/data/starting-images/europe-medium/loc_015.png
loc_016,Slovakia,Banská Bystrica,medium,mixed,48.7583857,19.1412898,48.4821627,20.0729169,284208003420331,train,1.48837686,75.240,125.284,124.147,1,75.240,0.149,75.375,75.524,demo_and_extension/data/starting-images/europe-medium/loc_016.png
loc_017,Ireland,"Boleybeg East, County Galway",medium,infrastructure,53.2819335,-9.1382768,32.7010633,-17.1206540,287019456404305,train,1.45246768,2373.707,939.272,945.970,3,28.434,0.187,75.375,75.562,demo_and_extension/data/starting-images/europe-medium/loc_017.png
